{
	"textures": {
		"0": "animated_java:blueprint/troll/troll",
		"particle": "minecraft:item/pufferfish"
	},
	"display": {
		"head": {
			"rotation": [0, 180, 0]
		}
	},
	"elements": [
		{
			"from": [2.09646, -5.94291, 2.67242],
			"to": [11.8877, 11.33574, 15.34342],
			"rotation": {
				"angle": 0,
				"axis": "y",
				"origin": [52.49252, 34.08596, 14.76747]
			},
			"faces": {
				"north": {
					"uv": [13.75, 13.34375, 14.625, 12.8125],
					"rotation": 270,
					"texture": "#0"
				},
				"east": {
					"uv": [12.125, 16, 11.28125, 15.3125],
					"rotation": 90,
					"texture": "#0"
				},
				"south": {
					"uv": [14.625, 13.34375, 13.75, 12.8125],
					"rotation": 90,
					"texture": "#0"
				},
				"west": {
					"uv": [12.125, 14.65625, 11.28125, 15.3125],
					"rotation": 90,
					"texture": "#0"
				},
				"up": {
					"uv": [14.625, 13.34375, 15.28125, 12.8125],
					"rotation": 90,
					"texture": "#0"
				},
				"down": {
					"uv": [14.625, 13.34375, 15.28125, 12.8125],
					"rotation": 90,
					"texture": "#0"
				}
			}
		},
		{
			"from": [9.28484, -2.93344, 2.70122],
			"to": [15.23587, 11.43361, 15.31463],
			"rotation": {
				"angle": -22.5,
				"axis": "z",
				"origin": [10.34025, 4.84195, 9.00792]
			},
			"faces": {
				"north": {
					"uv": [14.09375, 15.65625, 14.875, 15.34375],
					"rotation": 270,
					"texture": "#0"
				},
				"east": {
					"uv": [13.75, 13.65625, 12.96875, 12.96875],
					"rotation": 90,
					"texture": "#0"
				},
				"south": {
					"uv": [14.875, 15.65625, 14.09375, 15.34375],
					"rotation": 90,
					"texture": "#0"
				},
				"west": {
					"uv": [13.75, 12.28125, 12.96875, 12.96875],
					"rotation": 90,
					"texture": "#0"
				},
				"up": {
					"uv": [12.125, 15.71875, 12.8125, 15.40625],
					"rotation": 90,
					"texture": "#0"
				},
				"down": {
					"uv": [14.875, 15.65625, 15.5625, 15.34375],
					"rotation": 90,
					"texture": "#0"
				}
			}
		},
		{
			"from": [2.96039, -12.56639, 5.26421],
			"to": [10.44781, -5.94291, 13.90354],
			"rotation": {
				"angle": 0,
				"axis": "y",
				"origin": [52.49252, 34.08596, 14.76747]
			},
			"faces": {
				"north": {
					"uv": [15, 13.75, 15.15625, 13.34375],
					"rotation": 270,
					"texture": "#0"
				},
				"east": {
					"uv": [14.3125, 14.40625, 14.15625, 13.875],
					"rotation": 90,
					"texture": "#0"
				},
				"south": {
					"uv": [15, 13.75, 15.15625, 13.34375],
					"rotation": 90,
					"texture": "#0"
				},
				"west": {
					"uv": [14.3125, 13.34375, 14.15625, 13.875],
					"rotation": 90,
					"texture": "#0"
				},
				"up": {
					"uv": [15.28125, 13.09375, 15.8125, 12.6875],
					"rotation": 90,
					"texture": "#0"
				},
				"down": {
					"uv": [15.28125, 12.6875, 15.8125, 12.28125],
					"rotation": 90,
					"texture": "#0"
				}
			}
		}
	]
}