{
	"textures": {
		"0": "animated_java:blueprint/troll/troll",
		"particle": "minecraft:item/pufferfish"
	},
	"display": {
		"head": {
			"rotation": [0, 180, 0]
		}
	},
	"elements": [
		{
			"from": [3.28814, -9.05085, 1.49153],
			"to": [15.49153, 10.88135, 15.32203],
			"rotation": {
				"angle": 0,
				"axis": "y",
				"origin": [74.0678, 71.49152, 15.72881]
			},
			"faces": {
				"north": {
					"uv": [14.15625, 14.875, 15, 14.40625],
					"rotation": 270,
					"texture": "#0"
				},
				"east": {
					"uv": [13.8125, 14.25, 12.96875, 13.65625],
					"rotation": 90,
					"texture": "#0"
				},
				"south": {
					"uv": [15, 14.875, 14.15625, 14.40625],
					"rotation": 90,
					"texture": "#0"
				},
				"west": {
					"uv": [12.96875, 13.65625, 12.125, 14.25],
					"rotation": 90,
					"texture": "#0"
				},
				"up": {
					"uv": [12.125, 15.40625, 12.6875, 14.90625],
					"rotation": 90,
					"texture": "#0"
				},
				"down": {
					"uv": [14.71875, 15.34375, 15.28125, 14.875],
					"rotation": 90,
					"texture": "#0"
				}
			}
		},
		{
			"from": [2.47458, -13.11865, -2.57627],
			"to": [16.30509, -4.16949, 15.32203],
			"rotation": {
				"angle": -22.5,
				"axis": "x",
				"origin": [9.38983, -8.64407, 8.40678]
			},
			"faces": {
				"north": {
					"uv": [12.3125, 13.15625, 12.6875, 12.6875],
					"rotation": 270,
					"texture": "#0"
				},
				"east": {
					"uv": [11.5, 12.53125, 11.125, 11.9375],
					"rotation": 90,
					"texture": "#0"
				},
				"south": {
					"uv": [12.6875, 13.15625, 12.3125, 12.6875],
					"rotation": 90,
					"texture": "#0"
				},
				"west": {
					"uv": [10.65625, 11.9375, 10.28125, 12.53125],
					"rotation": 90,
					"texture": "#0"
				},
				"up": {
					"uv": [10.28125, 13.6875, 10.375, 13.1875],
					"rotation": 90,
					"texture": "#0"
				},
				"down": {
					"uv": [12.53125, 13.625, 12.96875, 13.15625],
					"rotation": 90,
					"texture": "#0"
				}
			}
		}
	]
}