{
	"textures": {
		"0": "animated_java:blueprint/troll/troll",
		"particle": "minecraft:item/pufferfish"
	},
	"display": {
		"head": {
			"rotation": [0, 180, 0]
		}
	},
	"elements": [
		{
			"from": [4.1123, -5.94291, 2.67242],
			"to": [13.90354, 11.33574, 15.34342],
			"rotation": {
				"angle": 0,
				"axis": "y",
				"origin": [-36.49252, 34.08596, 14.76747]
			},
			"faces": {
				"north": {
					"uv": [13.75, 12.8125, 14.625, 13.34375],
					"rotation": 270,
					"texture": "#0"
				},
				"east": {
					"uv": [12.125, 15.3125, 11.28125, 14.65625],
					"rotation": 90,
					"texture": "#0"
				},
				"south": {
					"uv": [14.625, 12.8125, 13.75, 13.34375],
					"rotation": 90,
					"texture": "#0"
				},
				"west": {
					"uv": [12.125, 15.3125, 11.28125, 16],
					"rotation": 90,
					"texture": "#0"
				},
				"up": {
					"uv": [14.625, 12.8125, 15.28125, 13.34375],
					"rotation": 90,
					"texture": "#0"
				},
				"down": {
					"uv": [14.625, 12.8125, 15.28125, 13.34375],
					"rotation": 90,
					"texture": "#0"
				}
			}
		},
		{
			"from": [0.76413, -2.93344, 2.70122],
			"to": [6.71516, 11.43361, 15.31463],
			"rotation": {
				"angle": 22.5,
				"axis": "z",
				"origin": [5.65975, 4.84195, 9.00792]
			},
			"faces": {
				"north": {
					"uv": [14.09375, 15.34375, 14.875, 15.65625],
					"rotation": 270,
					"texture": "#0"
				},
				"east": {
					"uv": [13.75, 12.96875, 12.96875, 12.28125],
					"rotation": 90,
					"texture": "#0"
				},
				"south": {
					"uv": [14.875, 15.34375, 14.09375, 15.65625],
					"rotation": 90,
					"texture": "#0"
				},
				"west": {
					"uv": [13.75, 12.96875, 12.96875, 13.65625],
					"rotation": 90,
					"texture": "#0"
				},
				"up": {
					"uv": [12.125, 15.40625, 12.8125, 15.71875],
					"rotation": 90,
					"texture": "#0"
				},
				"down": {
					"uv": [14.875, 15.34375, 15.5625, 15.65625],
					"rotation": 90,
					"texture": "#0"
				}
			}
		},
		{
			"from": [5.55219, -12.56639, 5.26421],
			"to": [13.03961, -5.94291, 13.90354],
			"rotation": {
				"angle": 0,
				"axis": "y",
				"origin": [-36.49252, 34.08596, 14.76747]
			},
			"faces": {
				"north": {
					"uv": [15, 13.34375, 15.15625, 13.75],
					"rotation": 270,
					"texture": "#0"
				},
				"east": {
					"uv": [14.3125, 13.875, 14.15625, 13.34375],
					"rotation": 90,
					"texture": "#0"
				},
				"south": {
					"uv": [15, 13.34375, 15.15625, 13.75],
					"rotation": 90,
					"texture": "#0"
				},
				"west": {
					"uv": [14.3125, 13.875, 14.15625, 14.40625],
					"rotation": 90,
					"texture": "#0"
				},
				"up": {
					"uv": [15.28125, 12.6875, 15.8125, 13.09375],
					"rotation": 90,
					"texture": "#0"
				},
				"down": {
					"uv": [15.28125, 12.28125, 15.8125, 12.6875],
					"rotation": 90,
					"texture": "#0"
				}
			}
		}
	]
}